family,present,instances
single_hit_first_mapping,yes,2613
single_hit_last_mapping,yes,2613
single_miss,yes,2613
multiple_max_expansion,yes,167
alternate_hit,yes,12
ligature_hit_first_candidate,yes,177
ligature_hit_last_candidate,yes,177
ligature_same_prefix_miss,yes,177
ligature_longest_components,yes,177
context_first_fanout_hit_early,yes,54
context_first_fanout_hit_late,yes,54
context_first_fanout_miss_late,yes,52
context_prefix2_fanout_hit_early,yes,9
context_prefix2_fanout_hit_late,yes,9
context_prefix2_fanout_miss_after_prefix,yes,9
chain_first_fanout_hit_early,yes,470
chain_first_fanout_hit_late,yes,470
chain_first_fanout_miss_late,yes,178
chain_prefix2_fanout_hit_early,yes,14
chain_prefix2_fanout_hit_late,yes,14
chain_prefix2_fanout_miss_after_prefix,yes,14
chain_max_span_hit,yes,470
reverse_chain_hit,yes,19
reverse_chain_miss_late,yes,11
gpos_single_hit_first_mapping,yes,396
gpos_single_hit_last_mapping,yes,396
pair_explicit_first_pair_hit,yes,35
pair_explicit_last_pair_hit,yes,35
pair_explicit_same_first_hit_early,yes,35
pair_explicit_same_first_hit_late,yes,35
pair_explicit_same_first_miss,yes,35
pair_class_nonzero_dense_row_hit,yes,22
pair_class_nonzero_sparse_row_hit,yes,20
pair_class_zero_cell_in_populated_row,yes,22
cursive_exit_entry_hit,yes,8
mark_base_valid_attachment,yes,114
mark_ligature_max_component_hit,yes,17
mark_mark_valid_attachment,yes,85
gpos_chain_max_span_hit,yes,28
gpos_chain_max_span_miss_late,yes,20
filter_stress,yes,1172
