name,Alata Regular,Eczar Regular,Inspiration Regular,Jomolhari Regular,Kirang Haerang Regular,Lalezar Regular,Mada Regular,Merriweather Light Italic,Noto Emoji Regular,Noto Nastaliq Urdu Regular,Noto Sans Bengali UI Regular,Noto Sans Duployan Regular,Noto Sans Grantha Regular,Noto Sans Kannada Regular,Noto Serif Dives Akuru Regular,Outfit Thin,Rosario Italic,STIX Two Text Italic,Shantell Sans Light,Signika Negative Light,Tiro Devanagari Hindi Regular,Ubuntu Sans Regular
alternate_hit,1,1,1,0,0,1,0,1,0,0,0,0,0,1,1,1,1,0,1,1,0,1
chain_first_fanout_hit_early,19,18,5,4,1,1,1,22,0,42,4,238,12,7,10,2,17,11,17,7,16,16
chain_first_fanout_hit_late,19,18,5,4,1,1,1,22,0,42,4,238,12,7,10,2,17,11,17,7,16,16
chain_first_fanout_miss_late,15,9,4,0,0,1,0,16,0,38,0,21,9,2,5,1,14,4,14,2,9,14
chain_max_span_hit,19,18,5,4,1,1,1,22,0,42,4,238,12,7,10,2,17,11,17,7,16,16
chain_prefix2_fanout_hit_early,0,0,0,0,0,0,0,0,0,14,0,0,0,0,0,0,0,0,0,0,0,0
chain_prefix2_fanout_hit_late,0,0,0,0,0,0,0,0,0,14,0,0,0,0,0,0,0,0,0,0,0,0
chain_prefix2_fanout_miss_after_prefix,0,0,0,0,0,0,0,0,0,14,0,0,0,0,0,0,0,0,0,0,0,0
context_first_fanout_hit_early,0,1,0,0,0,0,1,0,0,14,6,6,8,13,5,0,0,0,0,0,0,0
context_first_fanout_hit_late,0,1,0,0,0,0,1,0,0,14,6,6,8,13,5,0,0,0,0,0,0,0
context_first_fanout_miss_late,0,1,0,0,0,0,1,0,0,13,6,6,7,13,5,0,0,0,0,0,0,0
context_prefix2_fanout_hit_early,0,0,0,0,0,0,0,0,0,7,0,0,1,0,1,0,0,0,0,0,0,0
context_prefix2_fanout_hit_late,0,0,0,0,0,0,0,0,0,7,0,0,1,0,1,0,0,0,0,0,0,0
context_prefix2_fanout_miss_after_prefix,0,0,0,0,0,0,0,0,0,7,0,0,1,0,1,0,0,0,0,0,0,0
cursive_exit_entry_hit,0,0,0,0,0,0,0,0,0,1,0,6,0,1,0,0,0,0,0,0,0,0
filter_stress,7,208,7,0,0,7,14,7,0,52,1,390,46,21,294,4,3,29,5,5,64,8
gpos_chain_max_span_hit,0,0,0,0,0,0,0,0,0,2,1,2,8,1,7,0,0,0,0,0,7,0
gpos_chain_max_span_miss_late,0,0,0,0,0,0,0,0,0,2,0,2,8,1,6,0,0,0,0,0,1,0
gpos_single_hit_first_mapping,1,0,0,0,0,0,1,0,0,16,1,3,55,4,310,0,1,0,0,1,3,0
gpos_single_hit_last_mapping,1,0,0,0,0,0,1,0,0,16,1,3,55,4,310,0,1,0,0,1,3,0
ligature_hit_first_candidate,3,22,5,13,0,7,0,4,2,5,23,7,20,12,6,3,7,1,8,7,16,6
ligature_hit_last_candidate,3,22,5,13,0,7,0,4,2,5,23,7,20,12,6,3,7,1,8,7,16,6
ligature_longest_components,3,22,5,13,0,7,0,4,2,5,23,7,20,12,6,3,7,1,8,7,16,6
ligature_same_prefix_miss,3,22,5,13,0,7,0,4,2,5,23,7,20,12,6,3,7,1,8,7,16,6
mark_base_valid_attachment,5,6,1,0,0,3,2,9,0,3,3,10,33,4,8,1,1,6,1,1,16,1
mark_ligature_max_component_hit,2,0,0,0,0,1,0,8,0,1,0,2,0,0,0,1,0,0,1,0,0,1
mark_mark_valid_attachment,2,3,4,0,0,4,10,2,0,6,0,14,14,2,4,1,2,2,2,2,9,2
multiple_max_expansion,2,5,0,1,0,1,6,1,0,59,4,49,28,3,0,2,0,3,0,0,1,2
pair_class_nonzero_dense_row_hit,2,1,0,0,0,1,1,0,0,2,1,1,1,1,3,1,1,1,1,1,2,1
pair_class_nonzero_sparse_row_hit,2,1,0,0,0,1,1,0,0,1,0,1,1,1,3,1,1,1,1,1,2,1
pair_class_zero_cell_in_populated_row,2,1,0,0,0,1,1,0,0,2,1,1,1,1,3,1,1,1,1,1,2,1
pair_explicit_first_pair_hit,2,1,1,2,0,2,1,3,0,2,1,1,3,2,3,1,1,1,1,1,5,1
pair_explicit_last_pair_hit,2,1,1,2,0,2,1,3,0,2,1,1,3,2,3,1,1,1,1,1,5,1
pair_explicit_same_first_hit_early,2,1,1,2,0,2,1,3,0,2,1,1,3,2,3,1,1,1,1,1,5,1
pair_explicit_same_first_hit_late,2,1,1,2,0,2,1,3,0,2,1,1,3,2,3,1,1,1,1,1,5,1
pair_explicit_same_first_miss,2,1,1,2,0,2,1,3,0,2,1,1,3,2,3,1,1,1,1,1,5,1
reverse_chain_hit,0,0,0,0,0,0,0,0,0,0,0,19,0,0,0,0,0,0,0,0,0,0
reverse_chain_miss_late,0,0,0,0,0,0,0,0,0,0,0,11,0,0,0,0,0,0,0,0,0,0
single_hit_first_mapping,36,1651,86,6,1,6,9,56,1,82,16,101,55,161,126,10,41,32,38,30,31,38
single_hit_last_mapping,36,1651,86,6,1,6,9,56,1,82,16,101,55,161,126,10,41,32,38,30,31,38
single_miss,36,1651,86,6,1,6,9,56,1,82,16,101,55,161,126,10,41,32,38,30,31,38
